Workbook

Sheet Main
A1: 1 | D1: =CELL("address",'a.b'!B2) | Y1: P2W1
B2: 20 | D2: =CELL("address",'A1'!B2)
D3: =CELL("address",'R1C1'!B2)
D4: =CELL("address",'TRUE'!B2)
D5: =CELL("address",'_x'!B2)
D6: =CELL("address",'x$y'!B2)
D7: =CELL("address",'R'!B2)
D8: =CELL("address",'C'!B2)
D9: =CELL("address",'RC'!B2)
D10: =CELL("address",'XFD1'!B2)
D11: =CELL("address",'XFE1'!B2)
D12: =CELL("address",'Ab1c'!B2)
D13: =CELL("address",'Sheet1'!B2)
D14: =CELL("address",'x~y'!B2)
D15: =CELL("address",'x@y'!B2)
D16: =CELL("address",'x^y'!B2)
D17: =CELL("address",'x_y.z'!B2)
D18: =CELL("address",'Ünï'!B2)
D19: =CELL("address",'x,y'!B2)
D20: =CELL("address",'x+y'!B2)
D21: =CELL("address",'x=y'!B2)
D22: =CELL("address",'x%y'!B2)
D23: =CELL("address",'x#y'!B2)
D24: =CELL("address",'x;y'!B2)
D25: =CELL("address",'x{y}'!B2)
D26: =CELL("address",'x`y'!B2)
D27: =CELL("address",'x"y'!B2)
D28: =CELL("address",'x!y'!B2)
D29: =CELL("address",'.x'!B2)
D30: =CELL("filename",'A1'!A1)
D31: =CELL("filename",'x!y'!A1)
D32: =INFO(TRUE)
D33: =INFO("system ")
D34: =INFO(" system")
D35: =INFO(NA())
D36: =INFO("Memavail")
D37: =INFO(B2)
D38: =INFO(Z2)
D39: =INFO("release")&""
D40: =INFO("directory ")

Sheet a.b
A1: 1
B2: 20

Sheet A1
A1: 1
B2: 20

Sheet R1C1
A1: 1
B2: 20

Sheet TRUE
A1: 1
B2: 20

Sheet _x
A1: 1
B2: 20

Sheet x$y
A1: 1
B2: 20

Sheet R
A1: 1
B2: 20

Sheet C
A1: 1
B2: 20

Sheet RC
A1: 1
B2: 20

Sheet XFD1
A1: 1
B2: 20

Sheet XFE1
A1: 1
B2: 20

Sheet Ab1c
A1: 1
B2: 20

Sheet Sheet1
A1: 1
B2: 20

Sheet x~y
A1: 1
B2: 20

Sheet x@y
A1: 1
B2: 20

Sheet x^y
A1: 1
B2: 20

Sheet x_y.z
A1: 1
B2: 20

Sheet Ünï
A1: 1
B2: 20

Sheet x,y
A1: 1
B2: 20

Sheet x+y
A1: 1
B2: 20

Sheet x=y
A1: 1
B2: 20

Sheet x%y
A1: 1
B2: 20

Sheet x#y
A1: 1
B2: 20

Sheet x;y
A1: 1
B2: 20

Sheet x{y}
A1: 1
B2: 20

Sheet x`y
A1: 1
B2: 20

Sheet x"y
A1: 1
B2: 20

Sheet x!y
A1: 1
B2: 20

Sheet .x
A1: 1
B2: 20
